Status | Name | Type | Operating system | IP | NetBIOS name | NetBIOS group | Manufacturer | MAC address | User
alive |  |  |  | 10.1.4.1 |  |  |  | 00:00:00:00:00:00 | 
alive |  |  |  | 10.1.4.2 |  |  |  | 00:00:00:00:00:00 | 
alive | PW10AEGV0009 |  |  | 10.1.4.33 |  |  |  | 00:00:00:00:00:00 | 
alive | GIN1140 |  |  | 10.1.4.36 |  |  |  | 00:00:00:00:00:00 | 
alive |  |  |  | 10.1.4.3 |  |  |  | 00:00:00:00:00:00 | 
unknown |  |  |  | 10.1.4.16 |  |  |  | 00:00:00:00:00:00 | 
unknown |  |  |  | 10.1.4.67 |  |  |  | 00:00:00:00:00:00 | 
unknown |  |  |  | 10.1.4.30 |  |  |  | 00:00:00:00:00:00 | 
unknown |  |  |  | 10.1.4.4 |  |  |  | 00:00:00:00:00:00 | 
unknown |  |  |  | 10.1.4.11 |  |  |  | 00:00:00:00:00:00 | 
unknown |  |  |  | 10.1.4.48 |  |  |  | 00:00:00:00:00:00 | 
unknown |  |  |  | 10.1.4.12 |  |  |  | 00:00:00:00:00:00 | 
unknown |  |  |  | 10.1.4.71 |  |  |  | 00:00:00:00:00:00 | 
unknown |  |  |  | 10.1.4.95 |  |  |  | 00:00:00:00:00:00 | 
unknown |  |  |  | 10.1.4.49 |  |  |  | 00:00:00:00:00:00 | 
unknown |  |  |  | 10.1.4.26 |  |  |  | 00:00:00:00:00:00 | 
unknown |  |  |  | 10.1.4.42 |  |  |  | 00:00:00:00:00:00 | 
unknown |  |  |  | 10.1.4.57 |  |  |  | 00:00:00:00:00:00 | 
unknown |  |  |  | 10.1.4.22 |  |  |  | 00:00:00:00:00:00 | 
unknown |  |  |  | 10.1.4.93 |  |  |  | 00:00:00:00:00:00 | 
unknown |  |  |  | 10.1.4.13 |  |  |  | 00:00:00:00:00:00 | 
unknown |  |  |  | 10.1.4.41 |  |  |  | 00:00:00:00:00:00 | 
unknown |  |  |  | 10.1.4.5 |  |  |  | 00:00:00:00:00:00 | 
unknown |  |  |  | 10.1.4.59 |  |  |  | 00:00:00:00:00:00 | 
unknown |  |  |  | 10.1.4.14 |  |  |  | 00:00:00:00:00:00 | 
unknown |  |  |  | 10.1.4.25 |  |  |  | 00:00:00:00:00:00 | 
unknown |  |  |  | 10.1.4.45 |  |  |  | 00:00:00:00:00:00 | 
unknown |  |  |  | 10.1.4.90 |  |  |  | 00:00:00:00:00:00 | 
unknown |  |  |  | 10.1.4.18 |  |  |  | 00:00:00:00:00:00 | 
unknown |  |  |  | 10.1.4.15 |  |  |  | 00:00:00:00:00:00 | 
unknown |  |  |  | 10.1.4.78 |  |  |  | 00:00:00:00:00:00 | 
unknown |  |  |  | 10.1.4.27 |  |  |  | 00:00:00:00:00:00 | 
unknown |  |  |  | 10.1.4.54 |  |  |  | 00:00:00:00:00:00 | 
unknown |  |  |  | 10.1.4.53 |  |  |  | 00:00:00:00:00:00 | 
unknown |  |  |  | 10.1.4.65 |  |  |  | 00:00:00:00:00:00 | 
unknown |  |  |  | 10.1.4.68 |  |  |  | 00:00:00:00:00:00 | 
unknown |  |  |  | 10.1.4.9 |  |  |  | 00:00:00:00:00:00 | 
unknown |  |  |  | 10.1.4.19 |  |  |  | 00:00:00:00:00:00 | 
unknown |  |  |  | 10.1.4.73 |  |  |  | 00:00:00:00:00:00 | 
unknown |  |  |  | 10.1.4.74 |  |  |  | 00:00:00:00:00:00 | 
unknown |  |  |  | 10.1.4.37 |  |  |  | 00:00:00:00:00:00 | 
unknown |  |  |  | 10.1.4.6 |  |  |  | 00:00:00:00:00:00 | 
unknown |  |  |  | 10.1.4.77 |  |  |  | 00:00:00:00:00:00 | 
unknown |  |  |  | 10.1.4.24 |  |  |  | 00:00:00:00:00:00 | 
unknown |  |  |  | 10.1.4.17 |  |  |  | 00:00:00:00:00:00 | 
unknown |  |  |  | 10.1.4.72 |  |  |  | 00:00:00:00:00:00 | 
unknown |  |  |  | 10.1.4.82 |  |  |  | 00:00:00:00:00:00 | 
unknown |  |  |  | 10.1.4.34 |  |  |  | 00:00:00:00:00:00 | 
unknown |  |  |  | 10.1.4.28 |  |  |  | 00:00:00:00:00:00 | 
unknown |  |  |  | 10.1.4.81 |  |  |  | 00:00:00:00:00:00 | 
unknown |  |  |  | 10.1.4.7 |  |  |  | 00:00:00:00:00:00 | 
unknown |  |  |  | 10.1.4.62 |  |  |  | 00:00:00:00:00:00 | 
unknown |  |  |  | 10.1.4.10 |  |  |  | 00:00:00:00:00:00 | 
unknown |  |  |  | 10.1.4.8 |  |  |  | 00:00:00:00:00:00 | 
unknown |  |  |  | 10.1.4.55 |  |  |  | 00:00:00:00:00:00 | 
unknown |  |  |  | 10.1.4.50 |  |  |  | 00:00:00:00:00:00 | 
unknown |  |  |  | 10.1.4.52 |  |  |  | 00:00:00:00:00:00 | 
unknown |  |  |  | 10.1.4.47 |  |  |  | 00:00:00:00:00:00 | 
unknown |  |  |  | 10.1.4.80 |  |  |  | 00:00:00:00:00:00 | 
unknown |  |  |  | 10.1.4.39 |  |  |  | 00:00:00:00:00:00 | 
unknown |  |  |  | 10.1.4.46 |  |  |  | 00:00:00:00:00:00 | 
unknown |  |  |  | 10.1.4.92 |  |  |  | 00:00:00:00:00:00 | 
unknown |  |  |  | 10.1.4.21 |  |  |  | 00:00:00:00:00:00 | 
unknown |  |  |  | 10.1.4.58 |  |  |  | 00:00:00:00:00:00 | 
unknown |  |  |  | 10.1.4.79 |  |  |  | 00:00:00:00:00:00 | 
unknown |  |  |  | 10.1.4.83 |  |  |  | 00:00:00:00:00:00 | 
unknown |  |  |  | 10.1.4.89 |  |  |  | 00:00:00:00:00:00 | 
unknown |  |  |  | 10.1.4.29 |  |  |  | 00:00:00:00:00:00 | 
unknown |  |  |  | 10.1.4.69 |  |  |  | 00:00:00:00:00:00 | 
unknown |  |  |  | 10.1.4.87 |  |  |  | 00:00:00:00:00:00 | 
unknown |  |  |  | 10.1.4.38 |  |  |  | 00:00:00:00:00:00 | 
unknown |  |  |  | 10.1.4.70 |  |  |  | 00:00:00:00:00:00 | 
unknown |  |  |  | 10.1.4.40 |  |  |  | 00:00:00:00:00:00 | 
unknown |  |  |  | 10.1.4.75 |  |  |  | 00:00:00:00:00:00 | 
unknown |  |  |  | 10.1.4.64 |  |  |  | 00:00:00:00:00:00 | 
unknown |  |  |  | 10.1.4.86 |  |  |  | 00:00:00:00:00:00 | 
unknown |  |  |  | 10.1.4.66 |  |  |  | 00:00:00:00:00:00 | 
unknown |  |  |  | 10.1.4.60 |  |  |  | 00:00:00:00:00:00 | 
unknown |  |  |  | 10.1.4.61 |  |  |  | 00:00:00:00:00:00 | 
unknown |  |  |  | 10.1.4.43 |  |  |  | 00:00:00:00:00:00 | 
unknown |  |  |  | 10.1.4.20 |  |  |  | 00:00:00:00:00:00 | 
unknown |  |  |  | 10.1.4.31 |  |  |  | 00:00:00:00:00:00 | 
unknown |  |  |  | 10.1.4.76 |  |  |  | 00:00:00:00:00:00 | 
unknown |  |  |  | 10.1.4.96 |  |  |  | 00:00:00:00:00:00 | 
unknown |  |  |  | 10.1.4.35 |  |  |  | 00:00:00:00:00:00 | 
unknown |  |  |  | 10.1.4.91 |  |  |  | 00:00:00:00:00:00 | 
unknown |  |  |  | 10.1.4.84 |  |  |  | 00:00:00:00:00:00 | 
unknown |  |  |  | 10.1.4.23 |  |  |  | 00:00:00:00:00:00 | 
unknown |  |  |  | 10.1.4.56 |  |  |  | 00:00:00:00:00:00 | 
unknown |  |  |  | 10.1.4.32 |  |  |  | 00:00:00:00:00:00 | 
unknown |  |  |  | 10.1.4.44 |  |  |  | 00:00:00:00:00:00 | 
unknown |  |  |  | 10.1.4.85 |  |  |  | 00:00:00:00:00:00 | 
unknown |  |  |  | 10.1.4.51 |  |  |  | 00:00:00:00:00:00 | 
unknown |  |  |  | 10.1.4.63 |  |  |  | 00:00:00:00:00:00 | 
unknown |  |  |  | 10.1.4.88 |  |  |  | 00:00:00:00:00:00 | 
unknown |  |  |  | 10.1.4.94 |  |  |  | 00:00:00:00:00:00 | 
alive | VIPS0104 |  |  | 10.1.4.100 |  |  |  | 00:00:00:00:00:00 | 
alive |  |  |  | 10.1.4.102 |  |  |  | 00:00:00:00:00:00 | 
alive |  |  |  | 10.1.4.101 |  |  |  | 00:00:00:00:00:00 | 
alive | ES332S-B63F86 |  |  | 10.1.4.174 |  |  |  | 00:00:00:00:00:00 | 
alive |  |  |  | 10.1.4.147 |  |  |  | 00:00:00:00:00:00 | 
alive |  |  |  | 10.1.4.145 |  |  |  | 00:00:00:00:00:00 | 
alive |  |  |  | 10.1.4.127 |  |  |  | 00:00:00:00:00:00 | 
alive |  |  |  | 10.1.4.126 |  |  |  | 00:00:00:00:00:00 | 
alive |  |  |  | 10.1.4.154 |  |  |  | 00:00:00:00:00:00 | 
alive | POS0010459 |  |  | 10.1.4.139 |  |  |  | 00:00:00:00:00:00 | 
alive | POS0010458 |  |  | 10.1.4.138 |  |  |  | 00:00:00:00:00:00 | 
alive | POS0010455 |  |  | 10.1.4.135 |  |  |  | 00:00:00:00:00:00 | 
alive | POS0010454 |  |  | 10.1.4.134 |  |  |  | 00:00:00:00:00:00 | 
alive | POS0010456 |  |  | 10.1.4.136 |  |  |  | 00:00:00:00:00:00 | 
alive | POS0010453 |  |  | 10.1.4.133 |  |  |  | 00:00:00:00:00:00 | 
alive | POS0010452 |  |  | 10.1.4.132 |  |  |  | 00:00:00:00:00:00 | 
alive | SIGS2396502FL3 |  |  | 10.1.4.2 |  |  |  | 00:00:00:00:00:00 | 
alive | SIGS2396502FL3 |  |  | 10.1.4.1 |  |  |  | 00:00:00:00:00:00 | 
unknown |  |  |  | 10.1.4.172 |  |  |  | 00:00:00:00:00:00 | 
unknown |  |  |  | 10.1.4.103 |  |  |  | 00:00:00:00:00:00 | 
unknown |  |  |  | 10.1.4.117 |  |  |  | 00:00:00:00:00:00 | 
unknown |  |  |  | 10.1.4.171 |  |  |  | 00:00:00:00:00:00 | 
unknown |  |  |  | 10.1.4.97 |  |  |  | 00:00:00:00:00:00 | 
unknown |  |  |  | 10.1.4.152 |  |  |  | 00:00:00:00:00:00 | 
unknown |  |  |  | 10.1.4.151 |  |  |  | 00:00:00:00:00:00 | 
unknown |  |  |  | 10.1.4.113 |  |  |  | 00:00:00:00:00:00 | 
unknown |  |  |  | 10.1.4.116 |  |  |  | 00:00:00:00:00:00 | 
unknown |  |  |  | 10.1.4.108 |  |  |  | 00:00:00:00:00:00 | 
unknown |  |  |  | 10.1.4.104 |  |  |  | 00:00:00:00:00:00 | 
unknown |  |  |  | 10.1.4.118 |  |  |  | 00:00:00:00:00:00 | 
unknown |  |  |  | 10.1.4.128 |  |  |  | 00:00:00:00:00:00 | 
unknown |  |  |  | 10.1.4.112 |  |  |  | 00:00:00:00:00:00 | 
unknown |  |  |  | 10.1.4.114 |  |  |  | 00:00:00:00:00:00 | 
unknown |  |  |  | 10.1.4.107 |  |  |  | 00:00:00:00:00:00 | 
unknown |  |  |  | 10.1.4.98 |  |  |  | 00:00:00:00:00:00 | 
unknown |  |  |  | 10.1.4.177 |  |  |  | 00:00:00:00:00:00 | 
unknown |  |  |  | 10.1.4.175 |  |  |  | 00:00:00:00:00:00 | 
unknown |  |  |  | 10.1.4.169 |  |  |  | 00:00:00:00:00:00 | 
unknown |  |  |  | 10.1.4.166 |  |  |  | 00:00:00:00:00:00 | 
unknown |  |  |  | 10.1.4.176 |  |  |  | 00:00:00:00:00:00 | 
unknown |  |  |  | 10.1.4.119 |  |  |  | 00:00:00:00:00:00 | 
unknown |  |  |  | 10.1.4.105 |  |  |  | 00:00:00:00:00:00 | 
unknown |  |  |  | 10.1.4.129 |  |  |  | 00:00:00:00:00:00 | 
unknown |  |  |  | 10.1.4.185 |  |  |  | 00:00:00:00:00:00 | 
unknown |  |  |  | 10.1.4.99 |  |  |  | 00:00:00:00:00:00 | 
unknown |  |  |  | 10.1.4.150 |  |  |  | 00:00:00:00:00:00 | 
unknown |  |  |  | 10.1.4.173 |  |  |  | 00:00:00:00:00:00 | 
unknown |  |  |  | 10.1.4.159 |  |  |  | 00:00:00:00:00:00 | 
unknown |  |  |  | 10.1.4.122 |  |  |  | 00:00:00:00:00:00 | 
unknown |  |  |  | 10.1.4.164 |  |  |  | 00:00:00:00:00:00 | 
unknown |  |  |  | 10.1.4.120 |  |  |  | 00:00:00:00:00:00 | 
dead | POS0010460 |  |  | 10.1.4.140 |  |  |  | BC:A8:A6:C7:E5:F2 | 
unknown |  |  |  | 10.1.4.186 |  |  |  | 00:00:00:00:00:00 | 
unknown |  |  |  | 10.1.4.181 |  |  |  | 00:00:00:00:00:00 | 
unknown |  |  |  | 10.1.4.155 |  |  |  | 00:00:00:00:00:00 | 
unknown |  |  |  | 10.1.4.111 |  |  |  | 00:00:00:00:00:00 | 
unknown |  |  |  | 10.1.4.179 |  |  |  | 00:00:00:00:00:00 | 
dead | POS0010457 |  |  | 10.1.4.137 |  |  |  | E8:B1:FC:1F:FB:49 | 
unknown |  |  |  | 10.1.4.121 |  |  |  | 00:00:00:00:00:00 | 
unknown |  |  |  | 10.1.4.161 |  |  |  | 00:00:00:00:00:00 | 
unknown |  |  |  | 10.1.4.180 |  |  |  | 00:00:00:00:00:00 | 
unknown |  |  |  | 10.1.4.184 |  |  |  | 00:00:00:00:00:00 | 
unknown |  |  |  | 10.1.4.149 |  |  |  | 00:00:00:00:00:00 | 
unknown |  |  |  | 10.1.4.165 |  |  |  | 00:00:00:00:00:00 | 
unknown |  |  |  | 10.1.4.146 |  |  |  | 00:00:00:00:00:00 | 
unknown |  |  |  | 10.1.4.143 |  |  |  | 00:00:00:00:00:00 | 
unknown |  |  |  | 10.1.4.178 |  |  |  | 00:00:00:00:00:00 | 
unknown |  |  |  | 10.1.4.157 |  |  |  | 00:00:00:00:00:00 | 
unknown |  |  |  | 10.1.4.123 |  |  |  | 00:00:00:00:00:00 | 
unknown |  |  |  | 10.1.4.144 |  |  |  | 00:00:00:00:00:00 | 
unknown |  |  |  | 10.1.4.156 |  |  |  | 00:00:00:00:00:00 | 
unknown |  |  |  | 10.1.4.167 |  |  |  | 00:00:00:00:00:00 | 
dead | POS0010451 |  |  | 10.1.4.131 |  |  |  | 04:EA:56:A3:D9:5F | 
unknown |  |  |  | 10.1.4.168 |  |  |  | 00:00:00:00:00:00 | 
unknown |  |  |  | 10.1.4.124 |  |  |  | 00:00:00:00:00:00 | 
unknown |  |  |  | 10.1.4.187 |  |  |  | 00:00:00:00:00:00 | 
unknown |  |  |  | 10.1.4.130 |  |  |  | 00:00:00:00:00:00 | 
unknown |  |  |  | 10.1.4.142 |  |  |  | 00:00:00:00:00:00 | 
unknown |  |  |  | 10.1.4.110 |  |  |  | 00:00:00:00:00:00 | 
unknown |  |  |  | 10.1.4.106 |  |  |  | 00:00:00:00:00:00 | 
unknown |  |  |  | 10.1.4.115 |  |  |  | 00:00:00:00:00:00 | 
unknown |  |  |  | 10.1.4.182 |  |  |  | 00:00:00:00:00:00 | 
unknown |  |  |  | 10.1.4.158 |  |  |  | 00:00:00:00:00:00 | 
unknown |  |  |  | 10.1.4.170 |  |  |  | 00:00:00:00:00:00 | 
unknown |  |  |  | 10.1.4.109 |  |  |  | 00:00:00:00:00:00 | 
unknown |  |  |  | 10.1.4.160 |  |  |  | 00:00:00:00:00:00 | 
unknown |  |  |  | 10.1.4.125 |  |  |  | 00:00:00:00:00:00 | 
unknown |  |  |  | 10.1.4.163 |  |  |  | 00:00:00:00:00:00 | 
unknown |  |  |  | 10.1.4.153 |  |  |  | 00:00:00:00:00:00 | 
unknown |  |  |  | 10.1.4.141 |  |  |  | 00:00:00:00:00:00 | 
unknown |  |  |  | 10.1.4.183 |  |  |  | 00:00:00:00:00:00 | 
unknown |  |  |  | 10.1.4.162 |  |  |  | 00:00:00:00:00:00 | 
unknown |  |  |  | 10.1.4.148 |  |  |  | 00:00:00:00:00:00 | 
alive | GIN1140 |  |  | 10.1.4.36 | GIN1140 | VIPS.ES |  | 6C:02:E0:71:BD:67 | 
alive | ES332S-B63F86 |  |  | 10.1.4.174 | ES332S-B63F86 | PrintServer |  | 00:25:36:B6:3F:86 | 
alive | PW10AEGV0009 |  |  | 10.1.4.33 | PW10AEGV0009 | VIPS.ES |  | F4:8C:50:B3:9D:4F | 
alive | VIPS0104 |  |  | 10.1.4.100 | VIPS0104 | ALSEAEUR |  | C8:5A:CF:B4:D2:0F | 
alive | POS0010455 |  |  | 10.1.4.135 | POS0010455 | ALSEAEUR |  | 98:2C:BC:F7:42:9D | 
alive | POS0010454 |  |  | 10.1.4.134 | POS0010454 | ALSEAEUR |  | F8:34:41:BA:C0:FC | 
alive | POS0010459 |  |  | 10.1.4.139 | POS0010459 | ALSEAEUR |  | E8:B1:FC:20:36:22 | 
alive | POS0010452 |  |  | 10.1.4.132 | POS0010452 | ALSEAEUR |  | 98:2C:BC:36:6A:A0 | 
alive | POS0010453 |  |  | 10.1.4.133 | POS0010453 | ALSEAEUR |  | 98:2C:BC:F7:2C:D6 | 
alive | POS0010456 |  |  | 10.1.4.136 | POS0010456 | ALSEAEUR |  | 98:2C:BC:36:6A:AF | 
alive | 10.1.4.3 |  |  | 10.1.4.3 |  |  |  | 00:00:00:00:00:00 | 
alive |  |  |  | 10.1.4.216 |  |  |  | 00:00:00:00:00:00 | 
alive |  |  |  | 10.1.4.203 |  |  |  | 00:00:00:00:00:00 | 
alive |  |  |  | 10.1.4.201 |  |  |  | 00:00:00:00:00:00 | 
alive |  |  |  | 10.1.4.212 |  |  |  | 00:00:00:00:00:00 | 
alive |  |  |  | 10.1.4.211 |  |  |  | 00:00:00:00:00:00 | 
alive |  |  |  | 10.1.4.214 |  |  |  | 00:00:00:00:00:00 | 
alive |  |  |  | 10.1.4.190 |  |  |  | 00:00:00:00:00:00 | 
alive | KDS0010401 |  |  | 10.1.4.191 |  |  |  | 00:00:00:00:00:00 | 
alive |  |  |  | 10.1.4.194 |  |  |  | 00:00:00:00:00:00 | 
alive | 10.1.4.154 |  |  | 10.1.4.154 |  |  |  | 00:00:00:00:00:00 | 
alive | POS0010458 |  |  | 10.1.4.138 | POS0010458 | ALSEAEUR |  | 98:2C:BC:36:9D:DB | 
unknown |  |  |  | 10.1.4.213 |  |  |  | 00:00:00:00:00:00 | 
unknown |  |  |  | 10.1.4.196 |  |  |  | 00:00:00:00:00:00 | 
unknown |  |  |  | 10.1.4.247 |  |  |  | 00:00:00:00:00:00 | 
unknown |  |  |  | 10.1.4.224 |  |  |  | 00:00:00:00:00:00 | 
unknown |  |  |  | 10.1.4.208 |  |  |  | 00:00:00:00:00:00 | 
unknown |  |  |  | 10.1.4.215 |  |  |  | 00:00:00:00:00:00 | 
unknown |  |  |  | 10.1.4.241 |  |  |  | 00:00:00:00:00:00 | 
unknown |  |  |  | 10.1.4.192 |  |  |  | 00:00:00:00:00:00 | 
unknown |  |  |  | 10.1.4.199 |  |  |  | 00:00:00:00:00:00 | 
unknown |  |  |  | 10.1.4.253 |  |  |  | 00:00:00:00:00:00 | 
unknown |  |  |  | 10.1.4.242 |  |  |  | 00:00:00:00:00:00 | 
unknown |  |  |  | 10.1.4.220 |  |  |  | 00:00:00:00:00:00 | 
unknown |  |  |  | 10.1.4.219 |  |  |  | 00:00:00:00:00:00 | 
unknown |  |  |  | 10.1.4.230 |  |  |  | 00:00:00:00:00:00 | 
unknown |  |  |  | 10.1.4.221 |  |  |  | 00:00:00:00:00:00 | 
unknown |  |  |  | 10.1.4.207 |  |  |  | 00:00:00:00:00:00 | 
unknown |  |  |  | 10.1.4.233 |  |  |  | 00:00:00:00:00:00 | 
unknown |  |  |  | 10.1.4.252 |  |  |  | 00:00:00:00:00:00 | 
unknown |  |  |  | 10.1.4.245 |  |  |  | 00:00:00:00:00:00 | 
unknown |  |  |  | 10.1.4.197 |  |  |  | 00:00:00:00:00:00 | 
unknown |  |  |  | 10.1.4.250 |  |  |  | 00:00:00:00:00:00 | 
unknown |  |  |  | 10.1.4.231 |  |  |  | 00:00:00:00:00:00 | 
unknown |  |  |  | 10.1.4.246 |  |  |  | 00:00:00:00:00:00 | 
unknown |  |  |  | 10.1.4.195 |  |  |  | 00:00:00:00:00:00 | 
unknown |  |  |  | 10.1.4.205 |  |  |  | 00:00:00:00:00:00 | 
unknown |  |  |  | 10.1.4.226 |  |  |  | 00:00:00:00:00:00 | 
unknown |  |  |  | 10.1.4.210 |  |  |  | 00:00:00:00:00:00 | 
unknown |  |  |  | 10.1.4.244 |  |  |  | 00:00:00:00:00:00 | 
unknown |  |  |  | 10.1.4.223 |  |  |  | 00:00:00:00:00:00 | 
unknown |  |  |  | 10.1.4.188 |  |  |  | 00:00:00:00:00:00 | 
unknown |  |  |  | 10.1.4.249 |  |  |  | 00:00:00:00:00:00 | 
unknown |  |  |  | 10.1.4.243 |  |  |  | 00:00:00:00:00:00 | 
unknown |  |  |  | 10.1.4.236 |  |  |  | 00:00:00:00:00:00 | 
unknown |  |  |  | 10.1.4.228 |  |  |  | 00:00:00:00:00:00 | 
unknown |  |  |  | 10.1.4.218 |  |  |  | 00:00:00:00:00:00 | 
unknown |  |  |  | 10.1.4.237 |  |  |  | 00:00:00:00:00:00 | 
unknown |  |  |  | 10.1.4.225 |  |  |  | 00:00:00:00:00:00 | 
unknown |  |  |  | 10.1.4.248 |  |  |  | 00:00:00:00:00:00 | 
unknown |  |  |  | 10.1.4.217 |  |  |  | 00:00:00:00:00:00 | 
unknown |  |  |  | 10.1.4.235 |  |  |  | 00:00:00:00:00:00 | 
unknown |  |  |  | 10.1.4.222 |  |  |  | 00:00:00:00:00:00 | 
unknown |  |  |  | 10.1.4.232 |  |  |  | 00:00:00:00:00:00 | 
unknown |  |  |  | 10.1.4.239 |  |  |  | 00:00:00:00:00:00 | 
unknown |  |  |  | 10.1.4.204 |  |  |  | 00:00:00:00:00:00 | 
unknown |  |  |  | 10.1.4.234 |  |  |  | 00:00:00:00:00:00 | 
unknown |  |  |  | 10.1.4.189 |  |  |  | 00:00:00:00:00:00 | 
unknown |  |  |  | 10.1.4.193 |  |  |  | 00:00:00:00:00:00 | 
unknown |  |  |  | 10.1.4.209 |  |  |  | 00:00:00:00:00:00 | 
unknown |  |  |  | 10.1.4.198 |  |  |  | 00:00:00:00:00:00 | 
unknown |  |  |  | 10.1.4.200 |  |  |  | 00:00:00:00:00:00 | 
unknown |  |  |  | 10.1.4.227 |  |  |  | 00:00:00:00:00:00 | 
unknown |  |  |  | 10.1.4.202 |  |  |  | 00:00:00:00:00:00 | 
unknown |  |  |  | 10.1.4.206 |  |  |  | 00:00:00:00:00:00 | 
unknown |  |  |  | 10.1.4.240 |  |  |  | 00:00:00:00:00:00 | 
unknown |  |  |  | 10.1.4.251 |  |  |  | 00:00:00:00:00:00 | 
unknown |  |  |  | 10.1.4.229 |  |  |  | 00:00:00:00:00:00 | 
unknown |  |  |  | 10.1.4.238 |  |  |  | 00:00:00:00:00:00 | 
alive | 10.1.4.127 |  |  | 10.1.4.127 |  |  |  | 00:00:00:00:00:00 | 
alive | 10.1.4.126 |  |  | 10.1.4.126 |  |  |  | 00:00:00:00:00:00 | 
alive | PRT01140 |  |  | 10.1.4.190 |  |  |  | 00:00:00:00:00:00 | 
alive | 10.1.4.102 |  |  | 10.1.4.102 |  |  |  | 00:00:00:00:00:00 | 
alive | 10.1.4.101 |  |  | 10.1.4.101 |  |  |  | 00:00:00:00:00:00 | 
alive | KDS0010401 |  |  | 10.1.4.191 | KDS0010401 | ALSEAEUR |  | 08:97:98:FB:94:A1 | 
alive | 10.1.4.201 |  |  | 10.1.4.201 |  |  |  | 00:00:00:00:00:00 | 
alive | 10.1.4.214 |  |  | 10.1.4.214 |  |  |  | 00:00:00:00:00:00 | 
alive | 10.1.4.212 |  |  | 10.1.4.212 |  |  |  | 00:00:00:00:00:00 | 
alive | 10.1.4.211 |  |  | 10.1.4.211 |  |  |  | 00:00:00:00:00:00 | 
alive | 10.1.4.203 |  |  | 10.1.4.203 |  |  |  | 00:00:00:00:00:00 | 
alive | 10.1.4.216 |  |  | 10.1.4.216 |  |  |  | 00:00:00:00:00:00 | 
alive | KDS0010402 |  |  | 10.1.4.145 | KDS0010402 | WORKGROUP |  | 00:00:00:00:00:00 | 
alive | KDS0010403 |  |  | 10.1.4.147 | KDS0010403 | WORKGROUP |  | 00:00:00:00:00:00 | 
alive | KDS0010404 |  |  | 10.1.4.194 | KDS0010404 | WORKGROUP |  | 00:00:00:00:00:00 | 